{
  "__": {
    "version": "_IGNORED_",
    "cwd": "_IGNORED_",
    "input_files": {
      "interleaved": null,
      "read1": [
        "input/sample_R1.fq"
      ]
    },
    "repository": "_IGNORED_"
  },
  "initial": {
    "molecule_count": 10,
    "read1": {
      "length_distribution": [
        0,
        0,
        0,
        0,
        0,
        0,
        0,
        0,
        0,
        0,
        0,
        0,
        0,
        0,
        0,
        0,
        0,
        0,
        0,
        0,
        0,
        0,
        0,
        0,
        0,
        0,
        0,
        0,
        0,
        0,
        0,
        0,
        10
      ],
      "duplicate_count": 3,
      "base_statistics": {
        "total_bases": 320,
        "q20_bases": 320,
        "q30_bases": 281,
        "expected_errors_from_quality_curve": [
          0.0010000000000000002,
          0.0010000000000000002,
          0.0010000000000000002,
          0.0010000000000000002,
          0.0010000000000000002,
          0.0010000000000000002,
          0.0010000000000000002,
          0.0010000000000000002,
          0.0010000000000000002,
          0.0010000000000000002,
          0.0028952623149688782,
          0.0028952623149688782,
          0.0028952623149688782,
          0.0028952623149688782,
          0.0028952623149688782,
          0.0028952623149688782,
          0.0028952623149688782,
          0.0028952623149688782,
          0.0028952623149688782,
          0.0028952623149688782,
          0.004790524629937758,
          0.004790524629937758,
          0.004790524629937758,
          0.004790524629937758,
          0.004790524629937758,
          0.004790524629937758,
          0.004790524629937758,
          0.006685786944906637,
          0.006685786944906637,
          0.006685786944906637,
          0.006685786944906637,
          0.006685786944906637
        ],
        "gc_bases": 144,
        "per_position_counts": {
          "a": [
            4,
            1,
            2,
            4,
            4,
            1,
            2,
            4,
            4,
            1,
            2,
            4,
            4,
            1,
            2,
            4,
            4,
            1,
            2,
            4,
            4,
            1,
            2,
            4,
            4,
            1,
            2,
            4,
            4,
            1,
            2,
            4
          ],
          "c": [
            1,
            3,
            4,
            1,
            1,
            3,
            4,
            1,
            1,
            3,
            4,
            1,
            1,
            3,
            4,
            1,
            1,
            3,
            4,
            1,
            1,
            3,
            4,
            1,
            1,
            3,
            4,
            1,
            1,
            3,
            4,
            1
          ],
          "g": [
            3,
            1,
            1,
            4,
            3,
            1,
            1,
            4,
            3,
            1,
            1,
            4,
            3,
            1,
            1,
            4,
            3,
            1,
            1,
            4,
            3,
            1,
            1,
            4,
            3,
            1,
            1,
            4,
            3,
            1,
            1,
            4
          ],
          "t": [
            2,
            5,
            3,
            1,
            2,
            5,
            3,
            1,
            2,
            5,
            3,
            1,
            2,
            5,
            3,
            1,
            2,
            5,
            3,
            1,
            2,
            5,
            3,
            1,
            2,
            5,
            3,
            1,
            2,
            5,
            3,
            1
          ],
          "n": [
            0,
            0,
            0,
            0,
            0,
            0,
            0,
            0,
            0,
            0,
            0,
            0,
            0,
            0,
            0,
            0,
            0,
            0,
            0,
            0,
            0,
            0,
            0,
            0,
            0,
            0,
            0,
            0,
            0,
            0,
            0,
            0
          ]
        }
      }
    },
    "initial_filter_capacity": 16,
    "actual_filter_capacity": 16,
    "fragment_duplicate_count": 3,
    "count_oligos": {
      "AAAAAA": 1,
      "GATCGGAAGAGCACACGTCTGAACTCCAGTCAC": 0,
      "ATCTCGTATGCCGTCTTCTGCTTG": 0,
      "GGGGGGGGGGG": 1
    },
    "histogram": {
      "gc_content": {
        "0": 3,
        "50": 5,
        "100": 2
      }
    }
  },
  "run_info": {
    "program_version": "_IGNORED_",
    "input_toml": "_IGNORED_",
    "working_directory": "_IGNORED_"
  },
  "report_order": [
    "initial"
  ]
}