{
  "__": {
    "version": "0.0.0",
    "cwd": "/home/user/01-basic-quality-report",
    "input_files": {
      "interleaved": null,
      "read1": [
        "input/sample_R1.fq"
      ]
    },
    "repository": ""
  },
  "initial": {
    "molecule_count": 10,
    "read1": {
      "length_distribution": [
        0,
        0,
        0,
        0,
        0,
        0,
        0,
        0,
        0,
        0,
        0,
        0,
        0,
        0,
        0,
        0,
        0,
        0,
        0,
        0,
        0,
        0,
        0,
        0,
        0,
        0,
        0,
        0,
        0,
        0,
        0,
        0,
        10
      ],
      "duplicate_count": 3,
      "base_statistics": {
        "total_bases": 320,
        "q20_bases": 320,
        "q30_bases": 281,
        "expected_errors_from_quality_curve": [
          0.0010000000000000002,
          0.0010000000000000002,
          0.0010000000000000002,
          0.0010000000000000002,
          0.0010000000000000002,
          0.0010000000000000002,
          0.0010000000000000002,
          0.0010000000000000002,
          0.0010000000000000002,
          0.0010000000000000002,
          0.0028952623149688782,
          0.0028952623149688782,
          0.0028952623149688782,
          0.0028952623149688782,
          0.0028952623149688782,
          0.0028952623149688782,
          0.0028952623149688782,
          0.0028952623149688782,
          0.0028952623149688782,
          0.0028952623149688782,
          0.004790524629937758,
          0.004790524629937758,
          0.004790524629937758,
          0.004790524629937758,
          0.004790524629937758,
          0.004790524629937758,
          0.004790524629937758,
          0.006685786944906637,
          0.006685786944906637,
          0.006685786944906637,
          0.006685786944906637,
          0.006685786944906637
        ],
        "gc_bases": 144,
        "per_position_counts": {
          "a": [
            4,
            1,
            2,
            4,
            4,
            1,
            2,
            4,
            4,
            1,
            2,
            4,
            4,
            1,
            2,
            4,
            4,
            1,
            2,
            4,
            4,
            1,
            2,
            4,
            4,
            1,
            2,
            4,
            4,
            1,
            2,
            4
          ],
          "c": [
            1,
            3,
            4,
            1,
            1,
            3,
            4,
            1,
            1,
            3,
            4,
            1,
            1,
            3,
            4,
            1,
            1,
            3,
            4,
            1,
            1,
            3,
            4,
            1,
            1,
            3,
            4,
            1,
            1,
            3,
            4,
            1
          ],
          "g": [
            3,
            1,
            1,
            4,
            3,
            1,
            1,
            4,
            3,
            1,
            1,
            4,
            3,
            1,
            1,
            4,
            3,
            1,
            1,
            4,
            3,
            1,
            1,
            4,
            3,
            1,
            1,
            4,
            3,
            1,
            1,
            4
          ],
          "t": [
            2,
            5,
            3,
            1,
            2,
            5,
            3,
            1,
            2,
            5,
            3,
            1,
            2,
            5,
            3,
            1,
            2,
            5,
            3,
            1,
            2,
            5,
            3,
            1,
            2,
            5,
            3,
            1,
            2,
            5,
            3,
            1
          ],
          "n": [
            0,
            0,
            0,
            0,
            0,
            0,
            0,
            0,
            0,
            0,
            0,
            0,
            0,
            0,
            0,
            0,
            0,
            0,
            0,
            0,
            0,
            0,
            0,
            0,
            0,
            0,
            0,
            0,
            0,
            0,
            0,
            0
          ]
        }
      }
    },
    "initial_filter_capacity": 16,
    "actual_filter_capacity": 16,
    "fragment_duplicate_count": 3,
    "count_oligos": {
      "AAAAAA": 1,
      "GATCGGAAGAGCACACGTCTGAACTCCAGTCAC": 0,
      "ATCTCGTATGCCGTCTTCTGCTTG": 0,
      "GGGGGGGGGGG": 1
    },
    "histogram": {
      "gc_content": {
        "0": 3,
        "50": 5,
        "100": 2
      }
    }
  },
  "run_info": {
    "program_version": "0.0.0",
    "input_toml": "[input]\n    # Single-end reads for this example\n    # For paired-end data, you would also include: read2 = 'input/sample_R2.fq'\n    read1 = 'input/sample_R1.fq'\n\n[[step]]\n  action = \"CalcGCContent\"\n  out_label = \"gc_content\"\n\n[[step]]\n    # Generate a comprehensive quality report\n    action = 'Report'\n    name = 'initial'\n\n    # Count total number of reads\n    count = true\n\n    # Analyze base quality scores and GC content\n    base_statistics = true\n    # Analyze the distribution of read lengths\n\n    length_distribution = true\n\n    # Count duplicate reads (identical sequences)\n    duplicate_count_per_read = true\n\n    # Count duplicate reads (identical sequences)\n    duplicate_count_per_fragment = true\n\n    # count how often these oligos occur.\n    # no mismatches, no IUPAC\n\tcount_oligos = [\n\t\t'AAAAAA',\n\t\t'GATCGGAAGAGCACACGTCTGAACTCCAGTCAC',\n\t\t'ATCTCGTATGCCGTCTTCTGCTTG',\n\t\t'GGGGGGGGGGG',\n\t]\n\n    # Histogram of gc content (rounded to nearest integer)\n  # optional\n    tag_histograms = [\"gc_content\"]\n\n\n[output]\n    # Output prefix for all files\n    prefix = 'output'\n\n    # Generate both HTML and JSON reports\n    report_html = true\n    report_json = true\n\n    # Output format (FASTQ = uncompressed FASTQ format)\n    format = \"FASTQ\"\n",
    "working_directory": "/home/user/01-basic-quality-report"
  },
  "report_order": [
    "initial"
  ]
}